<?xml version="1.0" encoding="UTF-8"?>
<root>
  <item name="ca.barrenechea.widget.recyclerview.decoration.DividerDecoration.Builder ca.barrenechea.widget.recyclerview.decoration.DividerDecoration.Builder setColor(int) 0">
    <annotation name="android.support.annotation.ColorInt" />
  </item>
  <item name="ca.barrenechea.widget.recyclerview.decoration.DividerDecoration.Builder ca.barrenechea.widget.recyclerview.decoration.DividerDecoration.Builder setColorResource(int) 0">
    <annotation name="android.support.annotation.ColorRes" />
  </item>
  <item name="ca.barrenechea.widget.recyclerview.decoration.DividerDecoration.Builder ca.barrenechea.widget.recyclerview.decoration.DividerDecoration.Builder setHeight(int) 0">
    <annotation name="android.support.annotation.DimenRes" />
  </item>
  <item name="ca.barrenechea.widget.recyclerview.decoration.DividerDecoration.Builder ca.barrenechea.widget.recyclerview.decoration.DividerDecoration.Builder setLeftPadding(int) 0">
    <annotation name="android.support.annotation.DimenRes" />
  </item>
  <item name="ca.barrenechea.widget.recyclerview.decoration.DividerDecoration.Builder ca.barrenechea.widget.recyclerview.decoration.DividerDecoration.Builder setPadding(int) 0">
    <annotation name="android.support.annotation.DimenRes" />
  </item>
  <item name="ca.barrenechea.widget.recyclerview.decoration.DividerDecoration.Builder ca.barrenechea.widget.recyclerview.decoration.DividerDecoration.Builder setRightPadding(int) 0">
    <annotation name="android.support.annotation.DimenRes" />
  </item>
</root>

